Category: Campaigns & Elections,
,
Week,Nevada: (United States)
1/5/20,<1
1/12/20,<1
1/19/20,<1
1/26/20,<1
2/2/20,1
2/9/20,4
2/16/20,12
2/23/20,27
3/1/20,3
3/8/20,<1
3/15/20,<1
3/22/20,<1
3/29/20,<1
4/5/20,<1
4/12/20,<1
4/19/20,<1
4/26/20,<1
5/3/20,<1
5/10/20,<1
5/17/20,<1
5/24/20,<1
5/31/20,<1
6/7/20,1
6/14/20,<1
6/21/20,<1
6/28/20,<1
7/5/20,<1
7/12/20,<1
7/19/20,<1
7/26/20,<1
8/2/20,<1
8/9/20,<1
8/16/20,<1
8/23/20,<1
8/30/20,<1
9/6/20,<1
9/13/20,<1
9/20/20,<1
9/27/20,<1
10/4/20,<1
10/11/20,<1
10/18/20,1
10/25/20,1
11/1/20,100
11/8/20,6
11/15/20,2
11/22/20,1
11/29/20,1
12/6/20,<1
12/13/20,1
12/20/20,<1
12/27/20,<1